PdId,X,Y,Location
1,25.2587055,55.3306063,"(25.2587055, 55.3306063)"
2,25.2587034,55.33060169999999,"(55.33060169999999,25.2587034)"
3,8.9799295,76.70966399999998,"(76.70966399999998,8.9799295)"
4,8.9672407,76.66328060000001,"(76.66328060000001,8.9672407)"
5,8.9672414,76.66327869999998,"(76.66327869999998,8.9672414)"
6,8.9672366,76.66328150000004,"(76.66328150000004,8.9672366)"
